system_prompt,model,batch_size,fuzzy_mode,n_iters,precision,recall,f1,accuracy,context_not_in_input_avg,context_not_in_input_rate_avg,entity_not_in_context_avg,entity_not_in_context_rate_avg,fuzzy_helped_avg,fuzzy_helped_rate_avg,exact_match_avg,exact_match_rate_avg,elapsed_minute
SYSTEM_PROMPT_CONTEXT,gemma3:4b,10,True,5,0.65186,0.42803,0.51516,0.88348,0.4,0.0013,20.8,0.06537,13.4,0.04217,287.0,0.89117,2.201
SYSTEM_PROMPT_CONTEXT,qwen3:8b,10,True,5,0.66319,0.32398,0.43326,0.87343,0.8,0.00376,2.6,0.01114,3.4,0.01524,205.2,0.94331,2.519
SYSTEM_PROMPT_CONTEXT,gpt-oss:20b,10,True,5,0.69332,0.67913,0.68611,0.9287,0.0,0.0,1.8,0.00425,6.6,0.01614,406.0,0.97962,5.444
SYSTEM_PROMPT_CONTEXT,llama3.1:8b,10,True,5,0.71502,0.43483,0.53928,0.89785,4.2,0.0138,25.4,0.08534,11.0,0.03814,247.4,0.86209,2.435
SYSTEM_PROMPT_CONTEXT_MD,gemma3:4b,10,True,5,0.58474,0.41482,0.48293,0.86042,1.0,0.0029,29.8,0.08251,12.8,0.03705,312.4,0.87754,4.118
SYSTEM_PROMPT_CONTEXT_MD,qwen3:8b,10,True,5,0.69836,0.33638,0.45242,0.88167,0.0,0.0,0.8,0.00365,3.4,0.01695,200.2,0.95413,2.596
SYSTEM_PROMPT_CONTEXT_MD,gpt-oss:20b,10,True,5,0.6803,0.66038,0.66991,0.92345,1.4,0.00344,3.2,0.00772,6.6,0.01599,403.0,0.97285,6.568
SYSTEM_PROMPT_CONTEXT_MD,llama3.1:8b,10,True,5,0.74925,0.31582,0.44367,0.88155,1.4,0.00669,24.4,0.11821,9.0,0.04563,169.4,0.82836,2.293
